{

"sheet": {
    "L1E": {
        "area": {
            "g1":  0, "g2":  0, "g3":  0, "g4":  0, "g5":  0, "g6":  0,
            "g7":  0, "g8":  0, "g9":  0, "g10": 0, "g11": 0, "g12": 0,
            "g13": 0, "g14": 0, "g15": 0, "g16": 0, "g17": 0, "g18": 0,
            "g19": 0, "g20": 0, "g21": 0, "g22": 0, "g23": 0, "g24": 0,
            "g25": 0, "g26": 0, "g27": 0, "g28": 0, "g29": 0, "g30": 0,
            "g31": 0, "g32": 0, "g33": 0, "g34": 0, "g35": 0, "g36": 0,
            "g37": 0, "g38": 0, "g39": 0, "g40": 0, "g41": 0, "g42": 0
        },
        "lastCommit": "",
        "commitPermit": 1,
        "mode": "" 
    }
} 












}